{
	"class_name" : "PinholeCameraParameters",
	"extrinsic" : 
	[
		0.59452405943587527,
		-0.28518734177805383,
		0.75180404550750823,
		0.0,
		-0.80246399566117221,
		-0.151232045124753,
		0.57721781347675916,
		0.0,
		-0.050918350517214078,
		-0.94646555595909154,
		-0.31876366317956306,
		0.0,
		11.493295505850627,
		-4.331585190561464,
		21.143269317277344,
		1.0
	],
	"intrinsic" : 
	{
		"height" : 1061,
		"intrinsic_matrix" : 
		[
			918.85295341528945,
			0.0,
			0.0,
			0.0,
			918.85295341528945,
			0.0,
			959.5,
			530.0,
			1.0
		],
		"width" : 1920
	},
	"version_major" : 1,
	"version_minor" : 0
}