{
	"class_name" : "PinholeCameraParameters",
	"extrinsic" : 
	[
		-0.98694584244108552,
		-0.048216818849787964,
		0.15366535871257023,
		0.0,
		-0.16103193796478177,
		0.31068169622562269,
		-0.93677403816805083,
		0.0,
		-0.0025727501944068291,
		-0.94929027278824307,
		-0.31439045619430073,
		0.0,
		-12.266669639350802,
		-10.201063866369207,
		43.476430585161623,
		1.0
	],
	"intrinsic" : 
	{
		"height" : 1061,
		"intrinsic_matrix" : 
		[
			918.85295341528945,
			0.0,
			0.0,
			0.0,
			918.85295341528945,
			0.0,
			959.5,
			530.0,
			1.0
		],
		"width" : 1920
	},
	"version_major" : 1,
	"version_minor" : 0
}