{
	"class_name" : "PinholeCameraParameters",
	"extrinsic" : 
	[
		0.069140703656876787,
		0.34007435511663708,
		-0.93785339797317768,
		0.0,
		0.99757317474367235,
		-0.031300757021842575,
		0.062193437287950765,
		0.0,
		-0.0082051282538809917,
		-0.93987748967717233,
		-0.34141321044809375,
		0.0,
		1.4091018748126074,
		7.7322339013787271,
		-11.488475591592252,
		1.0
	],
	"intrinsic" : 
	{
		"height" : 1061,
		"intrinsic_matrix" : 
		[
			918.85295341528945,
			0.0,
			0.0,
			0.0,
			918.85295341528945,
			0.0,
			959.5,
			530.0,
			1.0
		],
		"width" : 1920
	},
	"version_major" : 1,
	"version_minor" : 0
}