{
	"class_name" : "PinholeCameraParameters",
	"extrinsic" : 
	[
		-0.63260814248320785,
		-0.77257473275955657,
		0.054177674049789341,
		0.0,
		-0.77302276051762819,
		0.63415506086866802,
		0.016827670556606465,
		0.0,
		-0.047357679268003106,
		-0.031235253739258239,
		-0.99838950772641499,
		0.0,
		-8.9541054478109867,
		-10.351320207324388,
		5.6244126899903817,
		1.0
	],
	"intrinsic" : 
	{
		"height" : 1061,
		"intrinsic_matrix" : 
		[
			918.85295341528945,
			0.0,
			0.0,
			0.0,
			918.85295341528945,
			0.0,
			959.5,
			530.0,
			1.0
		],
		"width" : 1920
	},
	"version_major" : 1,
	"version_minor" : 0
}