{
	"class_name" : "PinholeCameraParameters",
	"extrinsic" : 
	[
		0.69949915658566453,
		-0.25996874827054384,
		-0.66567047392729572,
		0.0,
		0.71411599021527805,
		0.28971930938325485,
		0.63726060155115727,
		0.0,
		0.027189749075651914,
		-0.92112918295597201,
		0.38830625265641378,
		0.0,
		9.9222928584454806,
		-0.5186751403097225,
		-2.514066344044267,
		1.0
	],
	"intrinsic" : 
	{
		"height" : 1017,
		"intrinsic_matrix" : 
		[
			880.74783564877418,
			0.0,
			0.0,
			0.0,
			880.74783564877418,
			0.0,
			959.5,
			508.0,
			1.0
		],
		"width" : 1920
	},
	"version_major" : 1,
	"version_minor" : 0
}