{
	"class_name" : "PinholeCameraParameters",
	"extrinsic" : 
	[
		0.66672111225912367,
		-0.48683563980657668,
		-0.5643350230865336,
		0.0,
		0.7428539118363926,
		0.49545608058992718,
		0.45021254744380113,
		0.0,
		0.060423705094328345,
		-0.71938468987085691,
		0.69197878857815065,
		0.0,
		9.3726166296297677,
		-4.229201158146056,
		-2.1650043561094456,
		1.0
	],
	"intrinsic" : 
	{
		"height" : 1017,
		"intrinsic_matrix" : 
		[
			880.74783564877418,
			0.0,
			0.0,
			0.0,
			880.74783564877418,
			0.0,
			959.5,
			508.0,
			1.0
		],
		"width" : 1920
	},
	"version_major" : 1,
	"version_minor" : 0
}