{
	"class_name" : "PinholeCameraParameters",
	"extrinsic" : 
	[
		0.67810378597163457,
		-0.63224533769851277,
		-0.37475470431927788,
		0.0,
		0.7328212031719531,
		0.62055498771578876,
		0.27907810985935216,
		0.0,
		0.056110067122994767,
		-0.46387211619103719,
		0.88412347564573923,
		0.0,
		9.5402059809557365,
		-7.0166945249085888,
		-0.22551466351608429,
		1.0
	],
	"intrinsic" : 
	{
		"height" : 1017,
		"intrinsic_matrix" : 
		[
			880.74783564877418,
			0.0,
			0.0,
			0.0,
			880.74783564877418,
			0.0,
			959.5,
			508.0,
			1.0
		],
		"width" : 1920
	},
	"version_major" : 1,
	"version_minor" : 0
}